Path To File,GEOID Column Name,Data Column Name,Subset Column Name,Indicator Name,Adverse Direction,Replace NA with median,Clean/Final Data,Converted to Tract?,Baseline Vulnerability,Subcategory,Parameters,Agency or data source,Year of data release,Format,URL,Download Date,Geographic Level,Missing States?,Document Name & Dropbox Link,File Type,Notes,verified
"Baseline Vulnerability, Health/Health/LifeExpectancy.CSV",FIPS Code,"Life expectancy at birth, as of 2010-2015.",,Life Expectancy,-1,1,YES,n/a,Health,Overall Physical Health,Life Expectancy,Policy Map,2010-2015,Census Tract,,44413,Census Tract,n/a,LifeExpectancy,CSV,W Verified. This is a rate.,TRUE
"Baseline Vulnerability, Health/Health/PLACES__Local_Data_for_Better_Health__Census_Tract_Data_2021_release.CSV",LocationName,Data_Value,Measure,Physical health not good for >=14 days among adults aged >=18 years,1,1,YES,n/a,Health,Overall Physical Health,Self-Reported Physical Health,"PLACES (BRFSS, RWJ, CDC)","BRFSS 2019 or 2018, Census Bureau 2010 data, and ACS 2015–2019 or 2014–2018 estimates. ",Census Tract (Model based),Link,44551,Census Tract (Model based),n/a,PLACES__Local_Data_for_Better_Health__Census_Tract_Data_2021_release,CSV,W Verified. This is a % per total population in CST.,TRUE
"Baseline Vulnerability, Health/Health/PLACES__Local_Data_for_Better_Health__Census_Tract_Data_2021_release.CSV",LocationName,Data_Value,Measure,Mental health not good for >=14 days among adults aged >=18 years,1,1,YES,n/a,Health,Mental Health & Deaths of Despair,Self-Reported Mental Health,"PLACES (BRFSS, RWJ, CDC)","BRFSS 2019 or 2018, Census Bureau 2010 data, and ACS 2015–2019 or 2014–2018 estimates. ",Census Tract (Model based),Link,44551,Census Tract (Model based),n/a,PLACES__Local_Data_for_Better_Health__Census_Tract_Data_2021_release,CSV ,W Verified. This is a % per total population in CST.,TRUE
"Baseline Vulnerability, Health/Health/Number and age-adjusted rates of drug overdose deaths by state, US 2019_CLEAN.csv",State Code,2019 Age-adjusted Rate,,Fatal Drug Overdose,1,1,YES,n/a,Health,Mental Health & Deaths of Despair,Fatal Overdose Data,CDC,2019,State,Link,44550,State ,n/a,"Number and age-adjusted rates of drug overdose deaths by state, US 2019_CLEAN",CSV,"W Verified. This is a rate. 
Data is found in this file.",TRUE
"Baseline Vulnerability, Health/Health/PLACES__Local_Data_for_Better_Health__Census_Tract_Data_2021_release.CSV",LocationName,Data_Value,Measure,Binge drinking among adults aged >=18 years,1,1,YES,n/a,Health,Mental Health & Deaths of Despair,Alcohol Abuse,"PLACES (BRFSS, RWJ, CDC)","BRFSS 2019 or 2018, Census Bureau 2010 data, and ACS 2015–2019 or 2014–2018 estimates. ",Census Tract (Model based),Link,44551,Census Tract (Model based),n/a,PLACES__Local_Data_for_Better_Health__Census_Tract_Data_2021_release,CSV ,W Verified. This is a % per total population in CST.,TRUE
"Baseline Vulnerability, Health/Health/Opioid_Overdose_Deaths_all.csv",FIPS,Drug Overdose Deaths,,Opioid Overdose,1,1,YES,n/a,Health,Mental Health & Deaths of Despair,"Opioid Overdose Per 100,000 People",County Health Rankings & Roadmaps,2021,Census Tract,Link,44623,Census Tract,n/a,Opioid_Overdose_Deaths_all,CSV ,"W Verified. This is a rate. 
4/4 update: Sharmila combined the files, so this is a new csv file.",TRUE
"Baseline Vulnerability, Health/Health/Suicide_CLEAN.csv",State Code,Rate,,Suicide,1,1,YES,n/a,Health,Mental Health & Deaths of Despair,Suicide Rates,CDC  ,2019,State ,Link,44550,State ,n/a,Suicide_CLEAN,CSV,W Verified. This is a rate. ,TRUE
"Baseline Vulnerability, Health/Health/PLACES__Local_Data_for_Better_Health__Census_Tract_Data_2021_release.CSV",LocationName,Data_Value,Measure,Current asthma among adults aged >=18 years,1,1,YES,n/a,Health,Chronic Disease,Current Asthma Over Age 18,"PLACES (BRFSS, RWJ, CDC)","BRFSS 2019 or 2018, Census Bureau 2010 data, and ACS 2015–2019 or 2014–2018 estimates. ",Census Tract (Model based),Link,44551,Census Tract (Model based),n/a,PLACES__Local_Data_for_Better_Health__Census_Tract_Data_2021_release,CSV,W Verified. This is a % per total population in CST.,TRUE
"Baseline Vulnerability, Health/Health/PLACES__Local_Data_for_Better_Health__Census_Tract_Data_2021_release.CSV",LocationName,Data_Value,Measure,Stroke among adults aged >=18 years,1,1,YES,n/a,Health,Chronic Disease,Stroke,"PLACES (BRFSS, RWJ, CDC)","BRFSS 2019 or 2018, Census Bureau 2010 data, and ACS 2015–2019 or 2014–2018 estimates. ",Census Tract (Model based),Link,44551,Census Tract (Model based),n/a,PLACES__Local_Data_for_Better_Health__Census_Tract_Data_2021_release,CSV,W Verified. This is a % per total population in CST.,TRUE
"Baseline Vulnerability, Health/Health/PLACES__Local_Data_for_Better_Health__Census_Tract_Data_2021_release.CSV",LocationName,Data_Value,Measure,Chronic obstructive pulmonary disease among adults aged >=18 years,1,1,YES,n/a,Health,Chronic Disease,COPD,"PLACES (BRFSS, RWJ, CDC)","BRFSS 2019 or 2018, Census Bureau 2010 data, and ACS 2015–2019 or 2014–2018 estimates. ",Census Tract (Model based),Link,44551,Census Tract (Model based),n/a,PLACES__Local_Data_for_Better_Health__Census_Tract_Data_2021_release,CSV,W Verified. This is a % per total population in CST.,TRUE
"Baseline Vulnerability, Health/Health/PLACES__Local_Data_for_Better_Health__Census_Tract_Data_2021_release.CSV",LocationName,Data_Value,Measure,Coronary heart disease among adults aged >=18 years,1,1,YES,n/a,Health,Chronic Disease,CHD,"PLACES (BRFSS, RWJ, CDC)","BRFSS 2019 or 2018, Census Bureau 2010 data, and ACS 2015–2019 or 2014–2018 estimates. ",Census Tract (Model based),Link,44551,Census Tract (Model based),n/a,PLACES__Local_Data_for_Better_Health__Census_Tract_Data_2021_release,CSV,W Verified. This is a % per total population in CST.,TRUE
"Baseline Vulnerability, Health/Health/PLACES__Local_Data_for_Better_Health__Census_Tract_Data_2021_release.CSV",LocationName,Data_Value,Measure,Cancer (excluding skin cancer) among adults aged >=18 years,1,1,YES,n/a,Health,Chronic Disease,Cancer,"PLACES (BRFSS, RWJ, CDC)","BRFSS 2019 or 2018, Census Bureau 2010 data, and ACS 2015–2019 or 2014–2018 estimates. ",Census Tract (Model based),Link,44551,Census Tract (Model based),n/a,PLACES__Local_Data_for_Better_Health__Census_Tract_Data_2021_release,CSV,W Verified. This is a % per total population in CST.,TRUE
"Baseline Vulnerability, Health/Health/PLACES__Local_Data_for_Better_Health__Census_Tract_Data_2021_release.CSV",LocationName,Data_Value,Measure,High blood pressure among adults aged >=18 years,1,1,YES,n/a,Health,Chronic Disease Prevention,High Blood Pressure ,"PLACES (BRFSS, RWJ, CDC)","BRFSS 2019 or 2018, Census Bureau 2010 data, and ACS 2015–2019 or 2014–2018 estimates. ",Census Tract (Model based),Link,44551,Census Tract (Model based),n/a,PLACES__Local_Data_for_Better_Health__Census_Tract_Data_2021_release,CSV,W Verified. This is a % per total population in CST.,TRUE
"Baseline Vulnerability, Health/Health/PLACES__Local_Data_for_Better_Health__Census_Tract_Data_2021_release.CSV",LocationName,Data_Value,Measure,High cholesterol among adults aged >=18 years who have been screened in the past 5 years,1,1,YES,n/a,Health,Chronic Disease Prevention,Cholesterol Screening,"PLACES (BRFSS, RWJ, CDC)","BRFSS 2019 or 2018, Census Bureau 2010 data, and ACS 2015–2019 or 2014–2018 estimates. ",Census Tract (Model based),Link,44551,Census Tract (Model based),n/a,PLACES__Local_Data_for_Better_Health__Census_Tract_Data_2021_release,CSV,W Verified. This is a % per total population in CST.,TRUE
"Baseline Vulnerability, Health/Health/PLACES__Local_Data_for_Better_Health__Census_Tract_Data_2021_release.CSV",LocationName,Data_Value,Measure,Visits to doctor for routine checkup within the past year among adults aged >=18 years,-1,1,YES,n/a,Health,Chronic Disease Prevention,Routine Doctor Visit,"PLACES (BRFSS, RWJ, CDC)","BRFSS 2019 or 2018, Census Bureau 2010 data, and ACS 2015–2019 or 2014–2018 estimates. ",Census Tract (Model based),Link,44551,Census Tract (Model based),n/a,PLACES__Local_Data_for_Better_Health__Census_Tract_Data_2021_release,CSV,W Verified. This is a % per total population in CST.,TRUE
"Baseline Vulnerability, Health/Health/PLACES__Local_Data_for_Better_Health__Census_Tract_Data_2021_release.CSV",LocationName,Data_Value,Measure,"Fecal occult blood test, sigmoidoscopy, or colonoscopy among adults aged 50-75 years",-1,1,YES ,n/a,Health,Chronic Disease Prevention,Colonoscopy,"PLACES (BRFSS, RWJ, CDC)","BRFSS 2019 or 2018, Census Bureau 2010 data, and ACS 2015–2019 or 2014–2018 estimates. ",Census Tract (Model based),Link,44551,Census Tract (Model based),n/a,PLACES__Local_Data_for_Better_Health__Census_Tract_Data_2021_release,CSV,W Verified. This is a % per total population in CST.,TRUE
"Baseline Vulnerability, Health/Health/PLACES__Local_Data_for_Better_Health__Census_Tract_Data_2021_release.CSV",LocationName,Data_Value,Measure,Mammography use among women aged 50-74 years,-1,1,YES ,n/a,Health,Chronic Disease Prevention,Mammogram,"PLACES (BRFSS, RWJ, CDC)","BRFSS 2019 or 2018, Census Bureau 2010 data, and ACS 2015–2019 or 2014–2018 estimates. ",Census Tract (Model based),Link,44551,Census Tract (Model based),n/a,PLACES__Local_Data_for_Better_Health__Census_Tract_Data_2021_release,CSV,W Verified. This is a % per total population in CST.,TRUE
"Baseline Vulnerability, Health/Health/PLACES__Local_Data_for_Better_Health__Census_Tract_Data_2021_release.CSV",LocationName,Data_Value,Measure,"Older adult men aged >=65 years who are up to date on a core set of clinical preventive services: Flu shot past year, PPV shot ever, Colorectal cancer screening",-1,1,YES ,n/a,Health,Chronic Disease Prevention,Older Men up to date on preventive screening,"PLACES (BRFSS, RWJ, CDC)","BRFSS 2019 or 2018, Census Bureau 2010 data, and ACS 2015–2019 or 2014–2018 estimates. ",Census Tract (Model based),Link,44551,Census Tract (Model based),n/a,PLACES__Local_Data_for_Better_Health__Census_Tract_Data_2021_release,CSV,W Verified. This is a % per total population in CST.,TRUE
"Baseline Vulnerability, Health/Health/PLACES__Local_Data_for_Better_Health__Census_Tract_Data_2021_release.CSV",LocationName,Data_Value,Measure,"Older adult women aged >=65 years who are up to date on a core set of clinical preventive services: Flu shot past year, PPV shot ever, Colorectal cancer screening, and Mammogram past 2 years",-1,1,YES ,n/a,Health,Chronic Disease Prevention,PAP Smear Cervical Cancer Screening,"PLACES (BRFSS, RWJ, CDC)","BRFSS 2019 or 2018, Census Bureau 2010 data, and ACS 2015–2019 or 2014–2018 estimates. ",Census Tract (Model based),Link,44551,Census Tract (Model based),n/a,PLACES__Local_Data_for_Better_Health__Census_Tract_Data_2021_release,CSV,W Verified. This is a % per total population in CST.,TRUE
"Baseline Vulnerability, Health/Health/PLACES__Local_Data_for_Better_Health__Census_Tract_Data_2021_release.CSV",LocationName,Data_Value,Measure,Visits to dentist or dental clinic among adults aged >=18 years,-1,1,YES ,n/a,Health,Chronic Disease Prevention,Visit to Dentist,"PLACES (BRFSS, RWJ, CDC)","BRFSS 2019 or 2018, Census Bureau 2010 data, and ACS 2015–2019 or 2014–2018 estimates. ",Census Tract (Model based),Link,44551,Census Tract (Model based),n/a,PLACES__Local_Data_for_Better_Health__Census_Tract_Data_2021_release,CSV,W Verified. This is a % per total population in CST.,TRUE
"Baseline Vulnerability, Health/Health/PLACES__Local_Data_for_Better_Health__Census_Tract_Data_2021_release.CSV",LocationName,Data_Value,Measure,Current lack of health insurance among adults aged 18-64 years,1,1,YES ,n/a,Health,Chronic Disease Prevention,Current Lack of Health Insurance,"PLACES (BRFSS, RWJ, CDC)","BRFSS 2019 or 2018, Census Bureau 2010 data, and ACS 2015–2019 or 2014–2018 estimates. ",Census Tract (Model based),Link,44551,Census Tract (Model based),n/a,PLACES__Local_Data_for_Better_Health__Census_Tract_Data_2021_release,CSV,W Verified. This is a % per total population in CST.,TRUE
"Baseline Vulnerability, Health/Health/COVID Death Rate.csv",fips,death_rate_cum,,COVID Deaths,1,n/a,YES ,n/a,Health,Infectious Diseases,COVID-19 Deaths,Sustainable Development Solutions Intiative,2022,County,Link,44670,County,n/a,COVID Death Rate,CSV,"W Verified. 4/19: *New dataset* This is the data from the WSJ Pandemic report you shared, Weihsueh.",TRUE
"Baseline Vulnerability, Health/Health/Hepatitis_updated.csv",FIPS.Code,Number.of.Medicare.fee.for.service.beneficiaries.who.are.diagnos,,Hepatitis,1,1,YES ,n/a,Health,Infectious Diseases,Hepatitis: Medicare Recipients diagnosed ,Policy Map,2018,County,,44420,County,n/a,Hepatitis,CSV,"W Verified. 4/11 update: This dataset is updated. 
This is a number of cases.
Suggest: using the 2018 Medicare Rates in the US by County (https://www.cms.gov/Research-Statistics-Data-and-Systems/Statistics-Trends-and-Reports/MCRAdvPartDEnrolData/MA-State-County-Penetration-Items/MA-State-County-Penetration-2018-12), assign a rate, since the data is for the Number of Medicare fee-for-service beneficiaries who are diagnosed with Hepatitis. ",TRUE
"Baseline Vulnerability, Health/Health/HIV_updated.csv",FIPS.Code,Rate.of.confirmed.HIV.diagnoses.per.100.000.people.in.2017.,,HIV,1,1,YES,n/a,Health,Infectious Diseases,HIV,CDC,2018,State,,44616,State,n/a,HIV_updated,CSV,"W Verified. This is a rate. Calculate a state level median & assign a state level median for the N/A. 
4/18 update: new file uploaded/linked.",TRUE
"Baseline Vulnerability, Health/Health/Chlamydia.csv",FIPS Code,"Rate of new chlamydia cases reported per 100,000 people in 2017.",,Chlamydia,1,1,YES,n/a,Health,Infectious Diseases,Chlamydia,Policy Map,2017,County,,44421,County,n/a,Chlamydia,CSV,W Verified. This is a rate.,TRUE
"Baseline Vulnerability, Health/Health/Gonorrhea.csv",FIPS Code,"Rate of new gonorrhea cases reported per 100,000 people in 2017.",,Gonorrhea,1,1,YES,n/a,Health,Infectious Diseases,Gonorrhea,Policy Map,2017,County,,44421,County,n/a,Gonorrhea,CSV,W Verified. This is a rate.,TRUE
"Baseline Vulnerability, Health/Health/Syphillis.csv",FIPS Code,Rate of new primary and secondary syphilis cases reported per 10,,Syphillis,1,1,YES,n/a,Health,Infectious Diseases,Syphillis,Policy Map,2017,County,,44421,County,n/a,Syphillis,CSV,W Verified. This is a rate.,TRUE
"Baseline Vulnerability, Health/Health/InfantMortality.csv",FIPS Code,"Rate of infant deaths per 1,000 live births in 2017.",,Infant Mortality,1,1,YES,n/a,Health,Child Health,Infant Mortality,Policy Map,2017,County,,44417,County,n/a,InfantMortality,CSV,"W Verified. MOSTLY N/A. 
This is a rate.",TRUE
"Baseline Vulnerability, Health/Health/LowBirthweight.csv",FIPS Code,"Percent of infants born with birth weight less than 2,500 grams ",,Low Birthweight,1,1,YES,n/a,Health,Child Health,Low birthweight,Policy Map,2018,County,,44417,County,n/a,LowBirthweight,CSV,"W Verified. MOSTLY N/A. 
This is a % of cases.",TRUE
"Baseline Vulnerability, Health/Health/Pre-term birth data_CLEAN.csv",State Code,% of births Pre-term,,Pre-term Birth,1,1,YES,n/a,Health,Child Health,Pre-term birth,March of Dimes,2014,State,Link,44504,State,n/a,Pre-term birth data_CLEAN,CSV,"W Verified. This is a % of cases. 
Data is found in this file. Needs to be merged with the CST information to assign values to each CST by state.",TRUE
"Baseline Vulnerability, Health/Health/Asthma Prevalence_CLEAN.csv",State Code,Value,,Childhood Asthma,1,1,YES,n/a,Health,Child Health,Childhood Asthma,CDC EPH Tracking,2018,State,Link,44501,State,n/a,Asthma Prevalence_CLEAN,CSV,"W Verified. This is a % of cases. The missing data are not 0% of asthma. Ellu to ask Maria if she's aware of a dataset with less missing information.
Data is found in this file. Needs to be merged with the CST information to assign values to each CST by state.",TRUE
"Baseline Vulnerability, Health/Health/Teen Births_FIPS Code Fixed_updated.CSV",Custom.FIPS.Code,Birth.Rate.16.17.18,,Teen Birth,1,n/a,YES ,n/a,Health,Child Health,Teen births,CDC National Center for Health Statistics,2018,County,Link,44501,County,n/a,Teen Births_FIPS Code Fixed,CSV,"W Verified. 4/11 update: This dataset is updated.
Average the years 2016, 17 and 19 to get one rate. This is a rate. ",TRUE
"Baseline Vulnerability, Health/Health/MedicallyUnderserved.csv",FIPS Code,Categorize (see notes),,MedicallyUnderserved,1,n/a,YES* (see note),n/a,Health,Access to Care,Medically Underserved Areas,Policy Map,2020,Census Tract,,44421,Census Tract,n/a,MedicallyUnderserved,CSV,"Suggest categorizing as follows: 
Not an MUA or MUP=1
Medically Underserved Area (MUA)=2 (A shortage of primary health care services for residents within a geographic area (e.g., a whole county, a group of neighboring counties, a group of urban census tracts, and others geographic areas). 
Medically Underserved Population (MUP)=3 (Are specific sub- groups of people living in a defined geographic area with a shortage of primary health care services and facing economic, cultural or linguistic barriers to access to health care (e.g., homeless, low-income, Medicaid-eligible, Native American, migrant farmworkers, among others population groups). ",FALSE
"Baseline Vulnerability, Health/Health/Hospital Beds Per 10,000 population_CLEAN_updated.csv",County.FIPS,Value,,Hospital Access,-1,1,YES ,n/a,Health,Access to Care,"Number of Hospital Beds per 10,000 people",CDC: National Environmental Public Health Tracking,2016,County,Link,44206,County,n/a,"Hospital Beds Per 10,000 population_CLEAN_updated",CSV,"W verified. This is a rate. 
Data is found in this file. Needs to be merged with the CST information to assign values to each CST by state.
Sharmila calculated a state level median & assigned a state level median for the N/A.",TRUE
"Baseline Vulnerability, Health/Health/vaccine_people_vaccinated_US.csv",FIPS,People_Fully_Vaccinated,,Covid vaccination rates,-1,n/a,YES,n/a,Health,Access to Care,Covid-19 Vaccination Rates,John Hopkins,2022,State,Link,44571,State,n/a,vaccine_people_vaccinated_US,CSV,"W Verified. Ellu to find a new dataset with more granular data, but for now use statewide data.",TRUE
"Baseline Vulnerability, Social/Social/SVI2018_US.csv",FIPS,EPL_POV,,Below Poverty,1,1,YES,n/a,Social,Socioeconomic Status,Below Poverty,ASTDR,2018,Census Tract,Link,44168,Census Tract,n/a,SVI2018_US,CSV,W Verified. Medians calculated separately in R.,TRUE
"Baseline Vulnerability, Social/Social/SVI2018_US.csv",FIPS,EPL_UNEMP,,Unemployed,1,1,YES,n/a,Social,Socioeconomic Status,Unemployed,ASTDR,2018,Census Tract,Link,44168,Census Tract,n/a,SVI2018_US,CSV,W Verified. Medians calculated separately in R.,TRUE
"Baseline Vulnerability, Social/Social/SVI2018_US.csv",FIPS,EPL_PCI,,Income,1,1,YES,n/a,Social,Socioeconomic Status,Income,ASTDR,2018,Census Tract,Link,44168,Census Tract,n/a,SVI2018_US,CSV,W Verified. Medians calculated separately in R.,TRUE
"Baseline Vulnerability, Social/Social/SVI2018_US.csv",FIPS,EPL_NOHSDP,,No High School Diploma,1,1,YES,n/a,Social,Socioeconomic Status,No High School Diploma,ASTDR,2018,Census Tract,Link,44168,Census Tract,n/a,SVI2018_US,CSV,W Verified. Medians calculated separately in R.,TRUE
"Baseline Vulnerability, Social/Social/SVI2018_US.csv",FIPS,EPL_AGE65,,Aged 65 or Older,1,1,YES,n/a,Social,Housing Composition & Disability,Aged 65 or Older,ASTDR,2018,Census Tract,Link,44168,Census Tract,n/a,SVI2018_US,CSV,W Verified. Medians calculated separately in R.,TRUE
"Baseline Vulnerability, Social/Social/SVI2018_US.csv",FIPS,EPL_AGE17,,Aged 17 or Younger,1,1,YES,n/a,Social,Housing Composition & Disability,Aged 17 or Younger,ASTDR,2018,Census Tract,Link,44168,Census Tract,n/a,SVI2018_US,CSV,W Verified. Medians calculated separately in R.,TRUE
"Baseline Vulnerability, Social/Social/SVI2018_US.csv",FIPS,EPL_DISABL,,Civilian with a Disability,1,1,YES,n/a,Social,Housing Composition & Disability,Civilian with a Disability,ASTDR,2018,Census Tract,Link,44168,Census Tract,n/a,SVI2018_US,CSV,W Verified. Medians calculated separately in R.,TRUE
"Baseline Vulnerability, Social/Social/SVI2018_US.csv",FIPS,EPL_SNGPNT,,Single-Parent Households,1,1,YES,n/a,Social,Housing Composition & Disability,Single-Parent Households,ASTDR,2018,Census Tract,Link,44168,Census Tract,n/a,SVI2018_US,CSV,W Verified. Medians calculated separately in R.,TRUE
"Baseline Vulnerability, Social/Social/SVI2018_US.csv",FIPS,EPL_MINRTY,,Minority,1,1,YES,n/a,Social,Minority Status & Language,Minority,ASTDR,2018,Census Tract,Link,44168,Census Tract,n/a,SVI2018_US,CSV,W Verified. Medians calculated separately in R.,TRUE
"Baseline Vulnerability, Social/Social/SVI2018_US.csv",FIPS,EPL_LIMENG,,"Speaks English ""Less than Well""",1,1,YES,n/a,Social,Minority Status & Language,"Speaks English ""Less than Well""",ASTDR,2018,Census Tract,Link,44168,Census Tract,n/a,SVI2018_US,CSV,W Verified. Medians calculated separately in R.,TRUE
"Baseline Vulnerability, Social/Social/SVI2018_US.csv",FIPS,EPL_MUNIT,,Multi-Unit Structures,1,1,YES,n/a,Social,Housing & Transportation,Multi-Unit Structures,ASTDR,2018,Census Tract,Link,44168,Census Tract,n/a,SVI2018_US,CSV,W Verified. Medians calculated separately in R.,TRUE
"Baseline Vulnerability, Social/Social/SVI2018_US.csv",FIPS,EPL_MOBILE,,Mobile Homes,1,1,YES,n/a,Social,Housing & Transportation,Mobile Homes,ASTDR,2018,Census Tract,Link,44168,Census Tract,n/a,SVI2018_US,CSV,W Verified. Medians calculated separately in R.,TRUE
"Baseline Vulnerability, Social/Social/SVI2018_US.csv",FIPS,EPL_CROWD,,Crowding,1,1,YES,n/a,Social,Housing & Transportation,Crowding,ASTDR,2018,Census Tract,Link,44168,Census Tract,n/a,SVI2018_US,CSV,W Verified. Medians calculated separately in R.,TRUE
"Baseline Vulnerability, Social/Social/SVI2018_US.csv",FIPS,EPL_NOVEH,,No Vehicle,1,1,YES,n/a,Social,Housing & Transportation,No Vehicle,ASTDR,2018,Census Tract,Link,44168,Census Tract,n/a,SVI2018_US,CSV,W Verified. Medians calculated separately in R.,TRUE
"Baseline Vulnerability, Social/Social/SVI2018_US.csv",FIPS,EPL_GROUPQ,,Group Quarters,1,1,YES,n/a,Social,Housing & Transportation,Group Quarters,ASTDR,2018,Census Tract,Link,44168,Census Tract,n/a,SVI2018_US,CSV,W Verified. Medians calculated separately in R.,TRUE
"Baseline Vulnerability, Social/Social/NSP2 - US Total.csv",geoid,fordq_rate,,Foreclosure Rate,1,n/a,YES,n/a,Social,HUD Foreclosure,Housing Foreclosure Risk,HUD Office of Policy Development and Research,2008,Census Tract,Link,44564,Census Tract,n/a,NSP2 - US Total,CSV,W Verified. fordq_rate = Estimated percent of mortgages to start foreclosure process or be seriously delinquent in past 2 years,TRUE
"Baseline Vulnerability, Social/Social/Unauthorized Profiles_ACS 2015-19_State-County-Topline Estimates_Comms.csv",GEOID,State Share of the Total Unauthorized Immigrant Population,,Unauthorized immigrants,1,n/a,YES,n/a,Social,Undocumented population,Undocumented Population,Migration Policy Institute,2015-18,County Level,Link,44635,County Level,n/a,Unauthorized Profiles_ACS 2015-19_State-County-Topline Estimates_Comms,CSV,"W Verified. Based on U.S. Census Bureau 2015-19 American Community Survey (ACS) and 2008 Survey of Income and Program Participation (SIPP) data. *New dataset* This includes the total number by state AND State Share of the Total Unauthorized Immigrant Population. [W: I'm not sure state share is the right measure… more populated states will score higher even if % of unauthorized immigrants is the same] 
4/18 update: Grace says this data is good / move forward.",TRUE
"Baseline Vulnerability, Infrastructure/Infrastructure/TTI Indicators/TTI_InitialResult_Congestion.csv",Census Tract ID,Weighted Yearly Avg Commute Delay (hr/commuter) -Option 3,,Congestion,1,n/a,YES ,n/a,Infrastructure,Transportation,Delay (congestion) per capita/census tract,,,,,,Already at CST level,n/a,TTI_InitialResult_Congestion,,W Verified. 4/4 update: new dataset,TRUE
"Baseline Vulnerability, Infrastructure/Infrastructure/TTI Indicators/TTI_InitialResult_Flood.csv",Census Tract ID,Flood Risk Score_Average,,Flooded roads,1,n/a,YES ,n/a,Infrastructure,Transportation,Flooding risk to roads,,,,,,Already at CST level,"AK, HI",TTI_InitialResult_Flood,,W Verified. 4/4 update: new dataset,TRUE
"Baseline Vulnerability, Infrastructure/Infrastructure/TTI Indicators/TTI_InitialResult_Hospital Proximity.csv",Census Tract ID,Distance to the Nearest Hospital (mi),,Proximity to Hospitals,-1,n/a,YES ,n/a,Infrastructure,Transportation,Access to hospitals ,,,,,,Already at CST level,n/a,TTI_InitialResult_Hospital Proximity,,W Verified. 4/4 update: new dataset,TRUE
"Baseline Vulnerability, Infrastructure/Infrastructure/TTI Indicators/TTI_InitialResult_VMT Lane MIles Overall.csv",Census Tract ID,Total VMT per Capita,,Total VMT,1,n/a,YES ,n/a,Infrastructure,Transportation,Total lane miles per capita,,,,,,Already at CST level,n/a,TTI_InitialResult_VMT Lane MIles Overall,,W Verified. 4/15: New dataset.,TRUE
"Baseline Vulnerability, Infrastructure/Infrastructure/TTI Indicators/TTI_InitialResult_VMT Lane MIles Overall.csv",Census Tract ID,Passenger VMT per Capita,,Passenger Lane Miles,1,n/a,YES ,n/a,Infrastructure,Transportation,Passenger lane miles per capita,,,,,,Already at CST level,n/a,TTI_InitialResult_VMT Lane MIles Overall,,W Verified. 4/4 update: new dataset,TRUE
"Baseline Vulnerability, Infrastructure/Infrastructure/TTI Indicators/TTI_InitialResult_VMT Lane MIles Overall.csv",Census Tract ID,Combination VMT per Capita - HDV,,Combination VMT.2,1,n/a,YES ,n/a,Infrastructure,Transportation,Heavy Duty Vehicle lane miles per capita,,,,,,Already at CST level,n/a,TTI_InitialResult_VMT Lane MIles Overall,,W Verified. 4/4 update: new dataset,TRUE
"Baseline Vulnerability, Infrastructure/Infrastructure/TTI Indicators/TTI_InitialResult_VMT Lane MIles Overall.csv",Census Tract ID,Lane Mile per Capita,,Lane Mile per Capita.2,-1,n/a,YES ,n/a,Infrastructure,Transportation,Lane miles per capita,,,,,,Already at CST level,n/a,TTI_InitialResult_VMT Lane MIles Overall,,W Verified. 4/4 update: new dataset,TRUE
"Baseline Vulnerability, Infrastructure/Infrastructure/TTI Indicators/TTI_InitialResult_VMT Lane MIles Overall.csv",Census Tract ID,Single unit truck VMT per Capita - MDV,,Truck Lane Miles,1,n/a,YES ,n/a,Infrastructure,Transportation,Truck lane miles per capita,,,,,,Already at CST level,n/a,TTI_InitialResult_VMT Lane MIles Overall,,W Verified. 4/4 update: new dataset,TRUE
"Baseline Vulnerability, Infrastructure/Infrastructure/TTI Indicators/Transit Data_TTI.csv",Census Tract ID,Transit Performance Score (AllTransit),,Transit Performance Score,-1,n/a,YES ,n/a,Infrastructure,Transportation,Public Transit,,,,,,Already at CST level,n/a,Transit Data_TTI,Shapefile,W Verified. 4/14 update: new dataset. Note his process to calculate from Census Place to Census Tract. ,TRUE
"Baseline Vulnerability, Infrastructure/Infrastructure/TTI Indicators/Bridge Data_TTI.csv",Census Tract ID,Percent of Poor Bridges,,Bridge Quality,-1,n/a,YES ,n/a,Infrastructure,Transportation,Bridge Quality/Maintenance,,,,,,Already at CST level,n/a,Bridge Data_TTI,CSV,W Verified. 4/14 update: new dataset. 4/8: Bumsik to share CST level bridge data for 70% of the census tracts.  The other 30% of the CST do not have a bridge.,TRUE
"Baseline Vulnerability, Infrastructure/Infrastructure/BroadbandAcess_PercentHousehold_nointernet_allstates.csv",CensusTract,Value,,No Broadband Access,1,n/a,YES,n/a,Infrastructure,Communications,Percent of Household with no internet access,National Environmental Public Health Tracking Network,2013-2017,Census Tract,Link,44501,Census Tract,n/a,BroadbandAcess_PercentHousehold_nointernet_allstates,CSV,W verfied. Fixed census tracts.,TRUE
"Baseline Vulnerability, Infrastructure/Infrastructure/CellularAcess_All.csv",CensusTract,Value,,Cellular Coverage,1,n/a,YES,n/a,Infrastructure,Communications,Percent of household with smartphone but no other device.,National Environmental Public Health Tracking Network,2013-2017,Census Tract,Link,44501,Census Tract,n/a,CellularAcess_All,CSV,"W. Verified.  Need to discuss adverse direction…. Is this really cell phone access but no other device? Then adverse direction should be 1, not -1. Also should change name in that case. 4/4 update: all agree it is a 1.",TRUE
"Baseline Vulnerability, Infrastructure/Infrastructure/Lead_energy_all_updated.csv",Geography ID,Avg Energy Burden By Income,,Residential Energy Cost Burden,1,n/a,YES,n/a,Infrastructure,Energy,Residential Energy Cost Burden,Office of Energy Efficiency & Renewable Energy,2018,Census Tract,Link,44602,Census Tract,n/a,Lead_energy_all_updated,CSV,"W Verified. Clean up the missing data cateogry by giving ""Umpqua"" the median for the state and save the file with the leading zeros for census tract intact. 4/8: new dataset linked.",TRUE
/Other/GISconversions.csv,GEOID10,BV_I_MarketFacilitiesmean,,Air Markets,1,n/a,YES,n/a,Infrastructure,Energy,Proximinty to facilities participating in air markets,EPA,2020,County,Link,44578,County,n/a,EPA Air Markets Download,CSV  ,W Verified. Process- proximity to facilities participating in air markets (5km search radius). Unweighted. ,TRUE
"Baseline Vulnerability, Infrastructure/Infrastructure/Energy_generation.csv",GEOID,share_fossil,,Fossil Fuel Generation,1,1,YES,n/a,Infrastructure,Energy,Share of energy from fossil fuels,Policy Map,2019,County,,44418,County,n/a,RenewableEnergyCapacity,CSV  ,"W Verified. JP: fixed NOT VERIFIED - Multiple rows per GEOID. JP: please verify for inclusion in alpha. I decided to go with the 'share of total county level generation capacity that is fossil fuel derived', rather than looking at renewables, because of the influence of other factors e.g. nuclear. Happy to discuss if we want to change, and i also have the share of renewables, and non-fossil in the spreadsheet if that's preferred. Note: there are some counties missing, where maybe most of the energy is imported from a neighboring one or we had an issue with matching generators to service area. for these, it would be great if we can use the State level median, rather than the national one, if possible. Thanks!",TRUE
"Baseline Vulnerability, Infrastructure/Infrastructure/MRFEIData_CLEAN.csv",GEOID,mrfei,,Retail Food,-1,n/a,YES,n/a,Infrastructure,"Food, Water, and Waste Management",Modified Retail Food Environment Index,MRFEI,2011,Census Tract,Link,44182,Census Tract,n/a,MRFEIData,CSV,"W Verified. FIXED leading zeros in Excel, W converted to CSV. Zero reflects zero count not missing data.
The mRFEI measures the number of healthy and less healthy food retailers within census tracts across each state as defined by typical food offerings in specific types of retail stores (e.g., supermarkets, convenience stores, or fast food restaurants). ",TRUE
/Other/GISconversions.csv,GEOID10,WasteWaterCount,,Municipal wastewater,-1,n/a,YES,n/a,Infrastructure,"Food, Water, and Waste Management",Municipal Wastewater,EPA CWNS,2012,County,Link,44578,,n/a,SUMMARY_FACILITY2,CSV,"W Verified. W - I THINK WE NEED TO DISCUSS. This is infrastructure category - so not sure if facilities in census tract is relevant.  JP: for some reason earlier in the notes here there was a request to codify this as Y/N, rather than numeric. I've done both though so let's use the WasteWaterCount field. This is count of facilities by tract. if we want a proximity to facility i'll need to reprocess. Let me know! NEED SOME SORT OF NUMERICAL INDICATOR. JP: Please verify.  Processed- Y/N record on whether at least one wastewater facility is located in tract. The 'WasteWaterCount' field denotes the number of facilities per tract, in case we want to use that. ",TRUE
"Baseline Vulnerability, Infrastructure/Infrastructure/Indoor Plumbing_Edited_Percent.csv",County FIPS,% Occupied housing units lacking complete plumbing facilities,,Indoor plumbing,-1,n/a,YES,n/a,Infrastructure,"Food, Water, and Waste Management",Indoor Plumbing,Census Bureau: ACS,2019,County,Link,44467,County,n/a,Indoor Plumbing,CSV,"4/19 update: Sharmila sent her fixed file, but I didn't link/include as it looks like this one is resolved. Confirm?
W Verified. WEIHSUEH FIXED BUT ONLY ~800 Counties in this file. Update 4/11: Sharmila couldn't fix the leading zero GEOID issue. GEOID is not all numeric (has “US” in it and wrong number of digits). Need to truncate the dataset to just that data source, then adjust the FIPS/save with leading zeros. Need to also take this number for this variable DP04_0073E and divide by the total number of occupied housing units (first variable on the spreadsheet) to get a %. American Community Survey (ACS) Summary File (from census.gov) - directions (https://www.census.gov/programs-surveys/acs/guidance/handbooks/summary-file.html) and variable IDs (PDF): https://www.census.gov/content/dam/Census/library/publications/2019/acs/acs_summary-file_handbook_2019_ch03.pdf",TRUE
"Baseline Vulnerability, Infrastructure/Infrastructure/UnbankedHouseholds_CLEAN.csv",State Code,Percent of family households that are unbanked as of 2015-2019.,,Unbanked Households,1,n/a,YES,n/a,Infrastructure,Financial Services,Percent of Unbanked Households,Policy Map,2015-2019,State,,,State,n/a,UnbankedHouseholds,CSV,"W Verified. FIXED leading zeros in Excel, W converted to CSV.",TRUE
"Baseline Vulnerability, Infrastructure/Infrastructure/Payday lending_CLEAN.csv",State Code,Ranking Category,,Payday lending,1,n/a,YES,n/a,Infrastructure,Financial Services,Payday lending/Pawn shops,Center for Responsible Lending,2010,State,Link,44572,State,n/a,Payday lending,CSV ,"W Verified. FIXED leading zeros in Excel, W converted to CSV.",TRUE
"Baseline Vulnerability, Infrastructure/Infrastructure/PercentHousing1940-1969.csv",FIPS Code,"Estimated percent of all housing units built 1940 to 1969, as of",,Housing Built Past v.s. Now,1,n/a,YES,n/a,Infrastructure,Financial Services,Percent of Housing Units Built Between 1940-1969 as of 2015-2019,Policy Map,2015-2019,Census Tract,,44419,Census Tract,n/a,PercentHousing1940-1969,CSV ,W Verified,TRUE
"Baseline Vulnerability, Infrastructure/Infrastructure/redlining.csv",City,Holc ID,,Redlining.1,1,0,"NO - needs processing, need to determine which to use.",Needs processing - city to CST,Infrastructure,Financial Services,Redlining,University of Richmond's Digital Scholarship Lab,2021,City - incomplete.,Link,44501,City - incomplete.,200+ cities in the USA,redlining,KMZ  ,"Unclear which of these two datasets/shapefiles to use - they have the same author, just cannot view one in Arc GIS to be sure which is better.  Probably the first one. AB: This first file is the shapefile that projects redlining in distrcits. I've converted the data into an excel file. More than 200 cities of redlining data.",FALSE
"Baseline Vulnerability, Infrastructure/Infrastructure/CHAS Data/Chas data/Table8.csv",Tract,T8_est76,,Housing Affordability.1,1,n/a,YES ,n/a,Infrastructure,Financial Services,Housing Affordability.1,HUD Office of Policy Development and Research,2014-2018,Census Tract,Link,44573,Census Tract,n/a,Table 8 ,CSV,"Vacancy rates from USPS: Has some issues - worthwhile? (https://www.huduser.gov/portal/datasets/usps.html)
Fair Market Rents: the data needs massaging - worthwhile? See FMR data in Infrastructure folder.
CHAS Data: Each year, the U.S. Department of Housing and Urban Development (HUD) receives custom tabulations of American Community Survey (ACS) data from the U.S. Census Bureau. These data, known as the ""CHAS"" data (Comprehensive Housing Affordability Strategy), demonstrate the extent of housing problems and housing needs, particularly for low income households. The CHAS data are used by local governments to plan how to spend HUD funds, and may also be used by HUD to distribute grant funds. Found here: https://www.huduser.gov/portal/datasets/cp.html Downloaded and saved as file name 2014thru2018-140-csv",FALSE
"Baseline Vulnerability, Infrastructure/Infrastructure/CHAS Data/Chas data/Table8.csv",Tract,T8_est10,,Housing Affordability.2,1,n/a,YES ,n/a,Infrastructure,Financial Services,Housing Affordability.2,HUD Office of Policy Development and Research,2014-2018,Census Tract,Link,44573,Census Tract,n/a,Table 8 ,CSV,"Vacancy rates from USPS: Has some issues - worthwhile? (https://www.huduser.gov/portal/datasets/usps.html)
Fair Market Rents: the data needs massaging - worthwhile? See FMR data in Infrastructure folder.
CHAS Data: Each year, the U.S. Department of Housing and Urban Development (HUD) receives custom tabulations of American Community Survey (ACS) data from the U.S. Census Bureau. These data, known as the ""CHAS"" data (Comprehensive Housing Affordability Strategy), demonstrate the extent of housing problems and housing needs, particularly for low income households. The CHAS data are used by local governments to plan how to spend HUD funds, and may also be used by HUD to distribute grant funds. Found here: https://www.huduser.gov/portal/datasets/cp.html Downloaded and saved as file name 2014thru2018-140-csv",FALSE
/Other/GISconversions.csv,GEOID10,BV_I_Nursinghomesmean,,Nursing Homes,-1,n/a,YES ,n/a,Infrastructure,Dependent Care,Senior/Disability Care Deserts,Homeland Infrastructure Foundation-Level Data (HIFLD),2017,Point - aggregate to County Level,Link,44501,,n/a,Nursinghomes,CSV ,W Verfied. JP: Processed  - proximity to nursing homes (5km search radius),TRUE
"Baseline Vulnerability, Infrastructure/Infrastructure/MedianRealEstateTaxesPaid.csv",FIPS Code,"Estimated median annual real estate taxes paid, between 2015-2019",,Real Estate Taxes,-1,n/a,YES ,n/a,Infrastructure,Governance,Tax Base: Median Real Estate Taxes Paid,Policy Map,2015-2019,Census Tract,,44419,Census Tract,n/a,MedianRealEstateTaxesPaid,CSV,W Verified.,TRUE
"Baseline Vulnerability, Infrastructure/Infrastructure/VoterTurnoutPresidential_CLEAN.csv",State Code,Turnout rate among voting eligible population in the 2020 presidential election,,Voter Turnout,-1,n/a,YES ,n/a,Infrastructure,Governance,Voter Turnout (2020 Presidential),Policy Map,2020,State,,44501,State,n/a,VoterTurnoutPresidential,CSV,W Verified. W converted to CSV.,TRUE
/Other/GISconversions.csv,GEOID10,BV_I_Libraries_mean,,Public Libraries,-1,n/a,YES,done,Infrastructure,Government Services,Public Library Locations,Policy Map,2020,Point,,44593,Point,n/a,pls_fy2019_csv,CSV,W Verified. JP: Processed  - proximity to public libraries (5km search radius),TRUE
"Baseline Vulnerability, Environment/Environment/RSEI/CensusMicroTracts2019_2019_aggregated.csv",GEOID10,Score,,Risk-Screening Environmental Indicators (RSEI) ,1,n/a,YES,n/a,Environment,Toxic Releases,Risk-Screening Environmental Indicators (RSEI) ,EASYRSEI,2019,CSV,Link,44503,Census Tract,n/a,RSEI,CSV,"W Verified. JP: FIXED please verify ---- Tracts missing leading zeros. JP: added a new csv here with data at tract level. NEED CSV FILE ... Census tract air microdata for version 2.3.9 (reporting year 2019): aggregated toxicity-weighted concentration for each tract. EPA says: ""We have census tract air microdata for version 2.3.9 (reporting year 2019) in two formats- aggregated toxicity-weighted concentration for each tract, or disaggregated tract data with concentrations and toxicity-weighted concentrations for each release affecting the census tract. If you need a time series, the previous version (v238) has years 1988-2018. We're expecting to release new data early next year. I'm happy to chat if you need more information; otherwise, let me know which file you need and I'll give you the download link. Thanks, Cynthia Gould | Senior Analyst | Abt Associates O: 202.258.8637 | abtassociates.com",TRUE
"Baseline Vulnerability, Environment/Environment/EJScreen-2020-data files/EJSCREEN_2020_USPR.CSV",ID,PWDIS,,Major direct dischargers to water,1,0,YES,n/a,Environment,Toxic Releases,Stream Toxicity Risk-Screening Environmental Indicators (RSEI),EJ Screen ,2020,CSV,Link,44533,Census Tract,n/a,EJSCREEN_2020_USPR,CSV,"W Verified - median by tract calculated post-processing in R.   Indicator from EJ Screen's ENVIRONMENT category: Wastewater Dischargers Indicator (Stream Proximity and Toxic Concentration) 
RSEI modeled Toxic Concentrations at stream segments within 500 meters, divided by distance in kilometers (km). Calculated from RSEI modeled toxic concentrations to stream reach segments.",TRUE
"Baseline Vulnerability, Environment/Environment/EJScreen-2020-data files/EJSCREEN_2020_USPR.CSV",ID,PNPL,,Proximity to National Priorities List (NPL) sites,1,n/a,YES,n/a,Environment,Toxic Releases,NPL sites,EJ Screen ,2020,CSV,Link,44533,Census Tract,n/a,EJSCREEN_2020_USPR,CSV,"W Verified - median by tract calculated post-processing in R.   Indicator from EJ Screen's ENVIRONMENT category: Proximity National Priority List Sites (NPL)
Count of proposed and listed NPL sites within 5 km (or nearest one beyond 5 km), each divided by distance in km. Count excludes deleted sites. Source: Calculated from EPA CERCLIS database.",TRUE
"Baseline Vulnerability, Environment/Environment/EJScreen-2020-data files/EJSCREEN_2020_USPR.CSV",ID,PTSDF,,Proximity to Treatment Storage and Disposal (TSDF) facilities,1,n/a,YES,n/a,Environment,Toxic Releases,Hazardous Waste Management Facilities (TSDFs) ,EJ Screen ,2020,CSV,Link,44533,Census Tract,n/a,EJSCREEN_2020_USPR,CSV,"W Verified - median by tract calculated post-processing in R.   Indicator from EJ Screen's ENVIRONMENT category: Proximity to Hazardous Waste Facilities
Count of hazardous waste management facilities (TSDFs and LQGs) within 5 km (or nearest one beyond 5 km), each divided by distance in km. Calculated from EPA RCRAInfo database.",TRUE
"Baseline Vulnerability, Environment/Environment/Hazardous Waste Generators.CSV",type,lat/long,,Proximity to Hazardous Waste Generators,1,n/a,NO - needs processing,Needs processing - convert lat/long to CST,Environment,Toxic Releases,Hazardous Waste Generator/Incinerators,EPA,2022,CSV,Link,Data rec'd from EPA 2/17/22,Point,n/a,Hazardous Waste Generators,CSV,"Obtain data presented on the map from EPA: https://www.epa.gov/hwgenerators/map-commercial-waste-combustors-us. 
Explanation of legend acronyms:
HW combustor = hazardous waste combustor
MW combustor = large and small municipal waste combustor
HMIW incinerator = hospital, medical, and infectious waste incinerator
CISW incinerator = commercial and industrial solid waste incinerator",FALSE
/Other/GISconversions.csv,GEOID10,BV_E_Landfills_mean,,Proximity to Landfills,1,n/a,YES,Yes,Environment,Toxic Releases,Landfills,EPA Landfill Methane Outreach Program,As of Sept 2021,CSV,Link,44502,Point,n/a,lmopdata,CSV,W Verified. Processed - proximity to landfills (5km search radius),TRUE
/Other/GISconversions.csv,GEOID10,BV_E_TSCAmean,,Proximity to TSCA Facilities,1,n/a,YES,Yes,Environment,Toxic Releases,TSCA Facilities ,"Jennifer McPartland, EDF",2015-2019,CSV,Emailed from Jennifer McPartland,44574,,n/a,TSCAToxSummary,CSV,"W Verified. Processed - proximity to TSCA pollutant regulated facilities. I did this two ways: unweighted, and weighting by TRI emission of TSCA pollutant for the latest year, 2019. Having looked at the data, I recommend we use the unweighted - we can look together over screenshare.(5km search radius)",TRUE
"Baseline Vulnerability, Environment/Environment/EJScreen-2020-data files/EJSCREEN_2020_USPR.CSV",ID,PRMP,,Proximity to Risk Management Plan (RMP) facilities,1,n/a,YES,n/a,Environment,Toxic Releases,Risk Management Plan,EJ Screen ,2020,CSV,Link,44533,Census Tract,n/a,EJSCREEN_2020_USPR,CSV,"W Verified - median by tract calculated post-processing in R. Indicator from EJ Screen's ENVIRONMENT: Proximity to Risk Management Plan (RMP) Facilities
Count of RMP (potential chemical accident management plan) facilities within 5 km (or nearest one beyond 5 km), each divided by distance in km. Calculated from EPA RMP database.",TRUE
"Baseline Vulnerability, Environment/Environment/EstimatedAnnual/Pesticides.csv",GEOID,Sum of EPEST_LOW_KG,,Agricultural pesticides,1,n/a,YES,n/a,Environment,Pesticide use,Agricultural pesticides,USGS,2013-17,TXT,Link,44501,County,"AK, HI",EstimatedAnnual,TXT,"W Verified. 4/8 Jeremy: Processed, Please Verify. Note that I did both the SUM and AVG of pesticide use per county, i feel that sum makes more sense but we should maybe briefly discuss. Update 3/29: Aurora and Jeremy priority list. NEED TO AGGREGATE BY COUNTY (HOW?? TOTAL KG??), AND CREATE FULL FIPS CODE FOR COUNTY (5 digit) Estimates of annual agricultural use of pesticide compounds in counties of the conterminous United States. Update 4/4: Grace is asking if you can aggregate the data by FIPS code by average annual use for the last five years? ",TRUE
"Baseline Vulnerability, Environment/Environment/PM_2014to2016avg.CSV",geoid,PM_Avg_2014to2016,,PM 2.5 concentration,1,yes,YES,n/a,Environment,Criteria Air Pollutants,PM 2.5: CMAQ and satellite,"Data from Harvard team, processed by JP@edf",2018,CSV,Link,44501,Census Tract,n/a,ds.input.aqs.pm25.2018,CSV,"W verified. JP: please verify. Added pm concentration by tract , 3 year average",TRUE
"Baseline Vulnerability, Environment/Environment/NO2/no2.csv",GEOID,TROPOMINO2,,NO2 concentration,1,n/a,YES,n/a,Environment,Criteria Air Pollutants,NO2: CMAQ and satellite,GWU Data ,2019,XLSX,,44496,,n/a,NO2,Shapefile,"W Verified. JP: sorted - please verify. Maria is working on the HIA for pediatric asthma - available later 2022 but possibly in time for the final version of the CVI. Grace sent to Ellu the latest to download and include. Maria may be able to provide us with the pediatric asthma attributable fraction using the global burden of disease.
Gaige sent the dataset: https://drive.google.com/drive/folders/1eDAX6wC8LTAirvrEZkCGcDV4T4Ydncgm
4/11 update: Ellu gave Jeremy/Aurora access to the googledrive folder so they can directly download since their data files were showing that it was empty.",TRUE
"Baseline Vulnerability, Environment/Environment/Ozone/o3_2016.CSV",GEOID,O3,,Ozone concentration,1,n/a,YES,n/a,Environment,Criteria Air Pollutants,OZONE: CMAQ and satellite,EPA Fused Air Quality Surface Using Downscaling (FAQSD) Files,2018,CSV,Link,44501,Census Tract,n/a,Download 3-28-22,CSV,"W Verified. Jeremy 4/8: extracted o3 from Gaige's work. Linked to appropriate file (o3_2016.csv). Please verify Ellu 3/28: Uploaded new data sent from Gaige who said he processed the data to the census tract, and In the folder, there's a short README with a link to the appropriate citation for the dataset as well as a figure that shows how the tract-averaged data should look. The methods used to generate these tract averages follows my work in Kerr et al. (2021). Please let me know if you have any questions. 
JP: TBD at next group meeting. Did not process this as it is purely monitor data, taken at specific points. I could transfer them to the tracts they are located in, but that would a) incorrectly allocate local ozone readings across a whole tract and b) leave the vast majority of tracts as NA, which i'm not sure how we factor into our index. I looked for a smoothed product as we are using for PM but did not find anything good. NEEDS TO BE AGGREGATED BY CENSUS TRACT…",TRUE
"Baseline Vulnerability, Environment/Environment/EIA energy-related CO2 emissions - processed.csv",GEOID,CO2percap_2015_17,,CO2 emissions,1,n/a,YES,n/a,Environment,Criteria Air Pollutants,State energy-related carbon dioxide emissions by year,U.S. Energy Information Administration (EIA),1990-2017,CSV,,44224,State ,n/a,EIA energy-related CO2 emissions unadjusted,CSV,"W Verified. 4/8 JP: population adjusted the data based on a 2015-17 average. Now reflects carbon intensity by state. Please verify W Verified. Does this need to be population adjusted? 4/4 update: Ellu asked Jeremy and Aurora to both population adjustment, but also doing a 3 year average for 2018-2020.",TRUE
"Baseline Vulnerability, Environment/Environment/Black Carbon/blackcarbon_mean.csv",GEOID,_mean,,Black Carbon,1,1,NO - needs processing,Needs processing - data are available in a gridded (netCDF4) format at ~ 1 km x 1 km as monthly and annual averages. ,Environment,Air pollutant,Black Carbon=Elemental Carbon,Randall Martin's group at Washington University,2021,ASC/PRJ,Link,44579," Nationally, 1km x1km grid cells",n/a,Black Carbon,ASC/PRJ,"W Verified. JP: fixed, should be good to go, please verify. note: some IDs are missing values and should take medians. NOT VERIFIED - Multiple rows per GEOID. 4/19 update: Aurora finished processing the files. I believe that the only data on black carbon we have on a national scale is this dataset from team member Randall Martin's group at Wash U (see ""Annual mean BC [%]"" on the website and note that these values are in percentages, so one would need to multiply by the total PM2.5 concentrations by these percentages to yield the BC concentrations in µg/m3). These data are available in a gridded (netCDF4) format at ~ 1 km x 1 km as monthly and annual averages.",TRUE
"Baseline Vulnerability, Environment/Environment/Blood Lead Levels.XLS",State,≥ 5 µg/dL % for 2018,,Childhood Blood Lead Levels,1,,NO - needs processing,Needs processing - State to CST,Environment,Air pollutant,CDC Blood Lead Levels,CDC ,2012-18,CSV,Link,44501,State,"AK, CA, DE, ID, KY, MA, MT, ND, SD, UT, WY",Blood Lead Levels,XLSX,Many states missing data - not sure what to do with missing data for this one.,FALSE
"Baseline Vulnerability, Environment/Environment/EJScreen-2020-data files/EJSCREEN_2020_USPR.CSV",ID,P_LDPNT_D2,,% pre-1960 housing (lead paint indicator),1,n/a,YES,n/a,Environment,Air pollutant,Lead Paint: Housing units built before 1960 (percent),EJ Screen ,2020,CSV,Link,44533,Census Tract,n/a,EJSCREEN_2020_USPR,CSV,W Verified - median by tract calculated post-processing in R.,TRUE
"Baseline Vulnerability, Environment/Environment/Lead in drinking water by county_CLEAN.csv",GEOID,NumSysALE,,% systems with lead in the drinking water,1,n/a,NO - needs processing,Needs processing - County to CST,Environment,Air pollutant,Lead in drinking water/ service lines,NRDC (Emailed to us by Kristi),2018-2020,CSV,Link,Emailed 1/14/22,County,n/a,Lead in drinking water by county_CLEAN,CSV,"Set up a meeting with Kristi from NRDC in April to discsus the data discrepancies we found. Make a rate with columns K and L (e.g., number of violations per population). Needs to be converted to CSV while preserving leading zeros. 4/4 update: Use column K for this data. once the data is cleaned, we'll update wtih new data. NumSysALE (action level exceedance - number of exceedances in that county over 15ppb - the number of systems that had an ALE. An average of the top 10% is above 15ppb).",FALSE
/Other/GISconversions.csv,GEOID10,BV_E_Superfund_mean,,Superfund Sites,1,n/a,YES,done,Environment,Pollutant Sources,Superfund Sites,UNC Chapel Hill,1981-2021,Point,Link,44336,Facility Level,n/a,Superfund Sites,ZIP  ,W VERIFIED. MOSTLY NA (but maybe that's correct). JP: Yes - N/A in counties with no facilities nearby. Processed 2/3/22 - proximity to superfunds (NPL sites) (5km search radius),TRUE
/Other/GISconversions.csv,GEOID10,BV_E_Brownfields_mean,,Proximity to Brownfields,1,n/a,YES,done,Environment,Pollutant Sources,Brownfields,EPA Facility Registry Service,2020,Point,Link,44181,Facility Level,n/a,EPA Regulated Facilities and Sites,CSV,W VERIFIED. MOSTLY NA (but maybe that's correct). JP: Yes - N/A in counties with no facilities nearby. Processed 2/1/22 - proximity to brownfields (5km search radius),TRUE
"Baseline Vulnerability, Environment/Environment/EJScreen-2020-data files/EJSCREEN_2020_USPR.CSV",ID,PTRAF,,Traffic proximity and volume,1,0,YES,n/a,Environment,Transportation,Traffic Proximity and Volume,EJ Screen ,2020,CSV,Link,44533,Census Tract,n/a,EJSCREEN_2020_USPR,CSV,"W Verified - median by tract calculated post-processing in R. EJ SCREEN INDICATOR 111 PTRAF Count of vehicles (AADT, avg. annual daily traffic) at major roads within 500 meters, divided by distance in meters (not km). Calculated from 2017 U.S. Department of Transportation (DOT) traffic data, retrieved 2019",TRUE
"Baseline Vulnerability, Environment/Environment/Railroad Crossings/Railroad_Crossings.shp",Shape files,,,At grade Railroad Crossings,1,n/a,NO - needs processing,Needs processing - Point to CST,Environment,Transportation,Rail  ,US DOT,2021,Shapefile,Link,44659,Point,n/a,Railroad_Crossings.shp,,"*New dataset - should this be in infrastructure?* The Railroad Crossings dataset is as of July 1, 2021 and is from the Federal Railroad Administration (FRA), and part of the U.S. Department of Transportation (USDOT)/Bureau of Transportation Statistics’ (BTS’) National Transportation Atlas Database (NTAD). FRA Grade Crossings is a spatial file that originates from the National Highway-Rail Crossing Inventory Program. The program is to provide information to the public, Federal, State, and local governments, as well as the railroad industry for information and the improvements of safety at highway-rail crossing. Railroad crossings found to be located outside their respective state have been reassigned to coordinates 0, 0.",FALSE
"Baseline Vulnerability, Environment/Environment/Top 25 Ports by TEU.csv",GEOID,Total TEUs (2020),,Port Volume by TEUs,1,n/a,NO - needs processing,Needs processing - State to CST,Environment,Transportation,Ports by TEU,Bureau of Transportation Statistics,2020,CSV,Link,44656,Point,n/a,Top 25 Ports by TEU,,TEU’s by top 25 ports (2020): https://data.bts.gov/stories/s/Container-TEU/x3fb-aeda [ERROR - EACH TRACT HAS MULTIPLE ROWS],FALSE
"Baseline Vulnerability, Environment/Environment/Top 50 Ports by Tonnage.csv",GEOID,Total tons (millions),,Port Volume by Tonnage,1,n/a,NO - needs processing,Needs processing - State to CST,Environment,Transportation,Ports by Tonnage,Bureau of Transportation Statistics,2020,CSV,Link,44656,Point,n/a,Top 50 Ports by Tonnage,,"Top 25 ports by tonnage/dry bulk (2020): https://www.bts.gov/newsroom/port-performance-freight-statistics-annual-report-0 [ERROR - EACH TRACT HAS MULTIPLE ROWS]
",FALSE
/Other/GISconversions.csv,GEOID10,BV_E_Portsmean,,Ports,1,n/a,YES,done,Environment,Transportation,Proximity to Ports,Homeland Infrastructure Foundation-Level Data (HIFLD),2019,XLSX,Link,44501,Point,n/a,PortsInitiative_Clean Air Practices at Ports_full data for public,XLSX,W Verified. Mostly NA… N/A in counties with no ports nearby. Processed 2/4/22 - proximity to major ports (5km search radius),TRUE
"Baseline Vulnerability, Environment/Environment/parks and green space/nanda_parks_tract_2018_01P_csv_with_readme/nanda_parks_tract_2018_01P.csv",tract_fips10,count_open_parks,,Parks and Greenspace,-1,n/a,YES,n/a,Environment,Land Use,Parks/Green Spaces,National Neighborhood Data Archive (NaNDA),2018,CSV,Link,44502,Census Tract,n/a,parks and greenspace,CSV,"W Verified.  Additional Resources: https://www.esri.com/about/newsroom/arcnews/visualizing-park-access-around-the-united-states/
https://ephtracking.cdc.gov/showIndicatorPages.action?selectedContentAreaAbbreviation=35&selectedIndicatorId=173

We have the counts, but should we be using proximity? Or should we pull the shapefile from the parks PDF?",TRUE
"Baseline Vulnerability, Environment/Environment/ImpermeableSurfaces_48State_except_AK_HI.csv",CensusTract,Value,,Impermeable Surfaces,1,n/a,YES,n/a,Environment,Land Use,Impermeable Surfaces,CDC: National Environmental Public Health Tracking,2021,CSV,Link,44585,Census Tract,"AK, HI",ImpermeableSurfaces_48State_except_AK_HI,CSV,W Verified. Leading zeros take care of post-processing. !!!Many rows duplicated (addressed post-processing). Downloaded this data first (https://www.mrlc.gov/data/nlcd-land-cover-conus-all-years) but it's at too high of a resolution (30m). 				,TRUE
"Baseline Vulnerability, Environment/Environment/Forest_48states_except_AK_HI.csv",CensusTract,Value,,Forest Land Cover,-1,n/a,YES,n/a,Environment,Land Use,Forest Land Cover,CDC: National Environmental Public Health Tracking,2021,CSV,Link,44585,Census Tract,"AK, HI",Forest_48states_except_AK_HI,CSV,"W Verified. Leading zeros take care of post-processing. !!!Many rows duplicated (addressed post-processing). Option 1: Ask Jeremy if we download the 30m dataset, can he aggregate the data somehow? (https://www.mrlc.gov/data?f%5B0%5D=category%3ATree%20Canopy&f%5B1%5D=category%3Atree%20canopy)
Option 2: Download the new data (https://data.fs.usda.gov/geodata/rastergateway/treecanopycover/#table1) for CONUS, AK & HI and aggregate.
Option 3: Go to CDC's NEPHT data source: https://ephtracking.cdc.gov/showIndicatorPages.action?selectedContentAreaAbbreviation=22&selectedIndicatorId=145
We are going with Option 3, which concerns WUIWildfire risk. Sharmila to combine all 50 files.",TRUE
/Other/GISconversions.csv,GEOID10,BV_E_Tribalmean,,Tribal Lands,1,0,YES,done,Environment,Land Use,Native American Lands,USGS,2014,"USGS 1:1,000,000-Scale Indian Lands of the United States 201412 Shapefile",Link,44585,"USGS 1:1,000,000-Scale Indian Lands of the United States 201412 Shapefile",n/a,indlanp010g.shp_nt00968.tar,Shapefile,W verified. N/A in counties with no ports nearby. Processed 2/4/22 - share of land in tract that is tribal land,TRUE
"Baseline Vulnerability, Environment/Environment/FRS_processed.csv",GEOID10,BV_E_FRS_mean,,"Petrochem, metal recyclers, etc facilities",1,0,NO - needs processing,Needs processing - Point source to CST,Environment,Land Use,Chemical Manufacturers,EPA Facility Registry Service,"Last updated on September 24, 2015",1 KMZ file of the location of the facilities.,Link,44641,17 KMZ files (one per NAICS code) of the location of the facilities.,n/a,FRS Chemical Manufacturing,csv,"W Verified. JP: please verify for inclusion in alpha. Data represents 5km proximity to facility under ANY of the following NAICS codes from FRS database. duplicates were removed; equal weighting.
From Community Engagement: 325120 – Industrial chemical manufacturing
325130 – Synthetic Dye and Pigment Manufacturing
325193 – Ethyl alcohol manufacturing
325194 – Cycle crude, intermediate, and gum and wood chemical manufacturing
325199 – All other basic organic chemical manufacturing
325211 – Plastics materials & resin manufacturing
325212 – Synthetic rubber manufacturing
325311 – Nitrogenous fertilizer manufacturing
325312 – Phosphatic fertilizer manufacturing
325314 – Fertilizer (mixing only) manufacturing
325320 – Pesticide and other agriculture chemical manufacturing
325510 – Paint and coating manufacturing
325520 – Adhesive manufacturing
326140 - Polystyrene Foam Product Manufacturing
326150 - Urethane and Foam Product (except Polystyrene) Manufacturing
326191 – Plastics Plumbing Fixture Manufacturing
326199 – All Other Plastics Products Manufacturing",TRUE
"Climate Change Impacts, Economic/Hsiang_5_sectors_neat_labels_2050_CLEAN.csv",County FIPS,"Mortality All Ages [additional deaths/100,000]",,Temperature-related mortality,1,1,NO - needs processing,Needs processing - County to CST,CC: Health,Temperature-related mortality,Temperature-related mortality,Hsiang et al. ,2017,County,Link,44501,County,n/a,see filepath,CSV,W verified. W - replaced file with already processed file for 2050 in CC: Economic folder. W changed flag to replace missing with median (only for one county in SD).,TRUE
"Climate Change Impacts, Health/sv-air-quality-2021-07-09-MortalityPM.csv",Tract ID,2 deg,,Premature Mortality Associated with PM2.5 Exposure in those Age 65 and up,1,1,YES,n/a,CC: Health,Air pollution-related mortality,PM2.5 mortality - CVD (ages 65+),EPA CIRA,2021,Census Tract,Link,44494,Census Tract,n/a,sv-air-quality-2021-07-09,CSV,W Verified. W converted to CSV separate file.,TRUE
"Climate Change Impacts, Health/sv-air-quality-2021-07-09-AsthmaPM-Tetreault.csv",Tract ID,2 deg,,New Incidence of Asthma Associated with PM2.5 Exposure in Children Age 0 to 17,1,1,YES,n/a,CC: Health,Air pollution-related illnesses,Childhood asthma incidence,EPA CIRA,2021,Census Tract,Link,44494,Census Tract,n/a,sv-air-quality-2021-07-09,CSV,W Verified. W converted to CSV separate file. *Lack of variability in data*,TRUE
"Climate Change Impacts, Health/sv-air-quality-2021-07-09-AsthmaPM-Alhanti.csv",Tract ID,2 deg,,Asthma Related ED Visits Associated with PM2.5 Exposure in Children Age 0 to 18,1,1,YES,n/a,CC: Health,Air pollution-related illnesses,Childhood asthma ER visits,EPA CIRA,2021,Census Tract,Link,44494,Census Tract,n/a,sv-air-quality-2021-07-09,CSV,W Verified. W converted to CSV separate file. *Lack of variability in data*,TRUE
"Climate Change Impacts, Health/sv-air-quality-2021-07-09-MortalityO3.csv",Tract ID,2 deg,,Premature Mortality Associated with Ozone Exposure Across All Ages,1,1,YES,n/a,CC: Health,Air pollution-related mortality,Ozone mortality (all ages),EPA CIRA,2021,Census Tract,Link,44494,Census Tract,n/a,sv-air-quality-2021-07-09,CSV,W Verified. W converted to CSV separate file. *Lack of variability in data*,TRUE
"Climate Change Impacts, Economic/PercentJobsForestryFishingAgHunting.csv",FIPS Code,"Percent of jobs in Agriculture, Forestry, Fishing and Hunting in",,Agriculture,1,0,YES,Needs processing - County to CST,CC: Economic,Sectors Vulnerable to Disruption,Agriculture,Policy Map,2015,County Level,,,County,n/a,PercentJobsForestryFishingAgHunting,,W Verified. One single dataset for all categories,TRUE
"Climate Change Impacts, Economic/Hsiang_5_sectors_neat_labels_2050_CLEAN.csv",County FIPS,Property Crimes [% change],,Property Crimes,1,1,NO - needs processing,Needs processing - County to CST,CC: Economic,Costs of Climate Disasters,Property Crimes (% change),Hsiang et al. ,2017,County Level,Link,44502,County Level,n/a,see filepath,CSV  ,"W Verified. W - changed flag to replace NA with median (one county in SD). JP: saved as CSV. W moved out of CC:Health/Archive folder into CC,Economic folder",TRUE
"Climate Change Impacts, Economic/Hsiang_5_sectors_neat_labels_2050_CLEAN.csv",County FIPS,Violent Crime [% change],,Violent Crimes,1,1,NO - needs processing,Needs processing - County to CST,CC: Economic,Costs of Climate Disasters,Violent Crimes (% change),Hsiang et al. ,2017,County Level,Link,44502,County Level,n/a,see filepath,CSV  ,"W Verified. W - changed flag to replace NA with median (one county in SD). JP: saved as CSV. W moved out of CC:Health/Archive folder into CC,Economic folder",TRUE
"Climate Change Impacts, Economic/Hsiang_5_sectors_neat_labels_2050_CLEAN.csv",County FIPS,% Change in Residential Energy Expenditures [% change],,Change in Residential Energy,1,1,NO - needs processing,Needs processing - County to CST,CC: Economic,Costs of Climate Disasters,Residential Energy Expenditures (% change),Hsiang et al. ,2017,County Level,Link,44502,County Level,n/a,see filepath,CSV  ,"W Verified. W - changed flag to replace NA with median (one county in SD). Also changed to % (was cents/kWt-hr) JP: saved as CSV. W moved out of CC:Health/Archive folder into CC,Economic folder",TRUE
"Climate Change Impacts, Economic/Hsiang_5_sectors_neat_labels_2050_CLEAN.csv",County FIPS,Total Productivity [Jobs % Change],,Job Productivity,-1,1,NO - needs processing,Needs processing - County to CST,CC: Economic,Costs of Climate Disasters,High-Risk Jobs Productivity (% Change),Hsiang et al. ,2017,County Level,Link,44502,County Level,n/a,see filepath,CSV  ,"W Verified. W - changed flag to replace NA with medina (7 counties total). JP: saved as CSV. W moved out of CC:Health/Archive folder into CC,Economic folder",TRUE
"Climate Change Impacts, Economic/Hsiang_5_sectors_neat_labels_2050_CLEAN.csv",County FIPS,Yields % Change,,Yields,-1,0,NO - needs processing,Needs processing - County to CST,CC: Economic,Costs of Climate Disasters,Yields (% change),Hsiang et al. ,2017,County Level,Link,44502,County Level,n/a,see filepath,CSV  ,"W Verified. JP: saved as CSV. W moved out of CC:Health/Archive folder into CC,Economic folder",TRUE
"Climate Change Impacts, Economic/County_level_risk_FEMA_FSF_v1.3.csv",fips,ccfloodrisk_100,,Flooding risk to properties,1,0,NO - needs processing,,CC: Economic,Costs of Climate Disasters,Flooding risk to properties,First Street Foundation Flood Model,2020,County Level,Link,44483,County Level,n/a,see filepath,,W Verified. JP: Please verify - Now have county level data and imputed the change in share of properties at risk by 2050.,TRUE
"Climate Change Impacts, Economic/UCS_Underwater.csv",GEOID,TaxAtRisk,,Percent Property Tax at Risk from Flooding,1,0,NO - needs processing,Needs processing - Zipcode to CST,CC: Economic,Costs of Climate Disasters,Property taxes expected to be lost by 2045 due to chronic inundation ,UCS Underwater Report,2020,County Level,Link,,County,n/a,see filepath,,"W Verified. JP: fixed     NOT VERIFIED - Multiple rows per GEOID. Revised to remove ""$"" and commas in the numbers, which were messing up the import. JP: Sorted - please verify for inclusion in alpha.",TRUE
"Climate Change Impacts, Economic/WorkdaysAtRisk.csv",GEOID,WorkdaysAtRisk,,Outdoor workers,1,0,NO - needs processing,Needs processing - County to CST,CC: Economic,Costs of Climate Disasters,Outdoor workers - work days at risk per year,Licker et al. 2021 (UCS scientists),2021,County Level,Link,44427,County Level,n/a,UCSWorkUnsafe,CSV  ,W Verified. JP: Sorted - please verify for inclusion in alpha.,TRUE
"Climate Change Impacts, Extreme Events/Costofdisasters_summed.csv",GEOID,Total_Cost,,Cost of Historical Climate Disasters 1980-present,1,0,NO - see notes,n/a,CC: Economic,Costs of Climate Disasters,Cost of climate disasters,NOAA  ,2021,State level - point,Link,44671,State level - point,"AK, HI",Costofdisasters_allstate_except_DC,CSV,W Verified. JP: Sorted - please verify for inclusion in alpha.,TRUE
"Climate Change Impacts, Extreme Events/Costofdisasters_summed.csv",GEOID,Total_Deaths,,Deaths from Historical Climate Disasters 1980-present,1,0,NO - see notes,n/a,CC: Economic,Costs of Climate Disasters,Deaths from climate disasters,NOAA  ,2021,State level - point,Link,,State level - point,n/a,Costofdisasters_allstate_except_DC,,"W Verified. Expected Annual Loss to Agriculture from natural hazards. See link to NRI site for methodology, and the accompanying data dictionary file in the Extreme Events dropbox folder",TRUE
"Climate Change Impacts, Extreme Events/NRI_Table_CensusTracts.csv",GEOID10,EAL_VALA,,Expected Annual Loss - Agriculture Value - Composite,1,0,,,CC: Economic,Costs of Climate Disasters,Expected Annual Loss - Agriculture Value,FEMA National Risk Index,2021,Tract Level,Link,,Tract Level,n/a,see filepath,,"W Verified. Expected Annual Loss to Agriculture from natural hazards. See link to NRI site for methodology, and the accompanying data dictionary file in the Extreme Events dropbox folder",TRUE
"Climate Change Impacts, Extreme Events/NRI_Table_CensusTracts.csv",GEOID10,EAL_VALB,,Expected Annual Loss - Building Value - Composite,1,0,,,CC: Economic,Costs of Climate Disasters,Expected Annual Loss - Building Value,FEMA National Risk Index,2021,Tract Level,Link,,Tract Level,n/a,see filepath,,"W Verified. Expected Annual Loss to Buildings  from natural hazards. See link to NRI site for methodology, and the accompanying data dictionary file in the Extreme Events dropbox folder",TRUE
"Climate Change Impacts, Extreme Events/NRI_Table_CensusTracts.csv",GEOID10,EAL_VALPE,,Expected Annual Loss - Population Equivalence - Composite,1,0,,,CC: Economic,Costs of Climate Disasters,Expected Annual Loss - Population Equivalence ,FEMA National Risk Index,2022,Tract Level,Link,,Tract Level,n/a,see filepath,,"W Verified. Expected Annual Loss on people from natural hazards, per capita adjusted. See link to NRI site for methodology, and the accompanying data dictionary file in the Extreme Events dropbox folder",TRUE
                                         HISTORICAL,,,,,,,,,,,,,,,,,,,,,,FALSE
"Climate Change Impacts, Extreme Events/NRI_Table_CensusTracts.csv",GEOID10,CWAV_AFREQ,,Cold Wave,1,1,NO - needs processing,Needs processing - unclear the geography,CC: Extreme Events,Temperature,Cold Wave - Annualized Frequency,FEMA National Risk Index,2022,Tract Level,Link,,Tract Level,n/a,see filepath,CSV,W Verified. JP: please verify. Now using FEMA NRI instead of NCDC data for extreme events.,TRUE
"Climate Change Impacts, Extreme Events/NRI_Table_CensusTracts.csv",GEOID10,HRCN_AFREQ,,Hurricanes,1,0,NO - needs processing,Needs processing - State to CST,CC: Extreme Events,Storms,Hurricane - Annualized Frequency,FEMA National Risk Index,2022,Tract Level,Link,,Tract Level,n/a,see filepath,CSV,W Verified. JP: please verify. Now using FEMA NRI instead of NCDC data for extreme events.,TRUE
"Climate Change Impacts, Extreme Events/NRI_Table_CensusTracts.csv",GEOID10,TRND_AFREQ,,Tornadoes,1,1,NO - needs processing,"Needs processing - combine 3 files, lat/long to CST",CC: Extreme Events,Storms,Tornado - Annualized Frequency,FEMA National Risk Index,2022,Tract Level,Link,,Tract Level,n/a,see filepath,CSV,W Verified. JP: please verify. Now using FEMA NRI instead of NCDC data for extreme events.,TRUE
"Climate Change Impacts, Extreme Events/NRI_Table_CensusTracts.csv",GEOID10,WNTW_AFREQ,,Winter Weather,1,1,,,CC: Extreme Events,Storms,Winter Weather - Annualized Frequency,FEMA National Risk Index,2022,Tract Level,Link,,Tract Level,n/a,see filepath,CSV,W Verified. JP: please verify. Now using FEMA NRI instead of NCDC data for extreme events.,TRUE
"Climate Change Impacts, Extreme Events/NRI_Table_CensusTracts.csv",GEOID10,WFIR_AFREQ,,Wildfires,1,1,NO - needs processing,"Needs processing - combine 6 files, State to CST",CC: Extreme Events,Wildfires,Wildfire - Annualized Frequency,FEMA National Risk Index,2022,Tract Level,Link,,Tract Level,n/a,see filepath,CSV,W Verified. JP: please verify. Now using FEMA NRI instead of NCDC data for extreme events.,TRUE
"Climate Change Impacts, Extreme Events/NRI_Table_CensusTracts.csv",GEOID10,DRGT_AFREQ,,Drought,1,1,NO - needs processing,Needs processing - State to CST,CC: Extreme Events,Droughts,Drought - Annualized Frequency,FEMA National Risk Index,2022,Tract Level,Link,,Tract Level,n/a,see filepath,CSV,W Verified. JP: please verify. Now using FEMA NRI instead of NCDC data for extreme events.,TRUE
                                         PROJECTIONS,,,,,,,,,,,,,,,,,,,,,,FALSE
"Climate Change Impacts, Extreme Events/IPCC Layers.csv",GEOID10,CCI_EE_CDDmean_days,,CDD: Consecutive Dry Days (unit = days),NA,1,,,CC: Extreme Events,Droughts,Consecutive Dry Days,IPCC AR6,2021,Global Raster,Link,,Tract Level processed from rasters,n/a,see filepath,CSV,Absolute Value is Adverse. W Verified. W SEPARATED INTO DIFFERENT ROWS FOR EACH INDICATOR and assigned subcategory. JP: please verify. I placed all variables in the same CSV,TRUE
"Climate Change Impacts, Extreme Events/IPCC Layers.csv",GEOID10,CCI_EE_TX35mean_days,,TX35: Days with maximum temperature (TX) above 35 C (units = days),1,1,,,CC: Extreme Events,Temperature,Days with maximum temperature (TX) above 35 C,IPCC AR6,2021,Global Raster,Link,,Tract Level processed from rasters,n/a,see filepath,CSV,W Verified. W SEPARATED INTO DIFFERENT ROWS FOR EACH INDICATOR and assigned subcategory. JP: please verify. I placed all variables in the same CSV,TRUE
"Climate Change Impacts, Extreme Events/IPCC Layers.csv",GEOID10,CCI_EE_TX40mean_days,,TX40: Days with TX above 40C (units= days),1,1,,,CC: Extreme Events,Temperature,Days with TX above 40C,IPCC AR6,2021,Global Raster,Link,,Tract Level processed from rasters,n/a,see filepath,CSV,W Verified. W SEPARATED INTO DIFFERENT ROWS FOR EACH INDICATOR and assigned subcategory. JP: please verify. I placed all variables in the same CSV,TRUE
"Climate Change Impacts, Extreme Events/IPCC Layers.csv",GEOID10,CCI_EE_FDmean_days,,FD: Frost Days (units = days),NA,1,,,CC: Extreme Events,Temperature,Frost Days,IPCC AR6,2021,Global Raster,Link,,Tract Level processed from rasters,n/a,see filepath,CSV,Absolute Value is Adverse. W Verified. W SEPARATED INTO DIFFERENT ROWS FOR EACH INDICATOR and assigned subcategory. JP: please verify. I placed all variables in the same CSV,TRUE
"Climate Change Impacts, Extreme Events/IPCC Layers.csv",GEOID10,CCI_EE_TXxmean_degC,,TXx: Maximum of maximum temperatures (unit = degrees C),1,1,,,CC: Extreme Events,Temperature,Maximum of maximum temperatures,IPCC AR6,2021,Global Raster,Link,,Tract Level processed from rasters,n/a,see filepath,CSV,W Verified. W SEPARATED INTO DIFFERENT ROWS FOR EACH INDICATOR and assigned subcategory. JP: please verify. I placed all variables in the same CSV,TRUE
"Climate Change Impacts, Extreme Events/IPCC Layers.csv",GEOID10,CCI_EE_Tmean_degC,,T: Mean temperature (unit = degree C),1,1,,,CC: Extreme Events,Temperature,Mean temperature,IPCC AR6,2021,Global Raster,Link,,Tract Level processed from rasters,n/a,see filepath,CSV,W Verified. W SEPARATED INTO DIFFERENT ROWS FOR EACH INDICATOR and assigned subcategory. JP: please verify. I placed all variables in the same CSV,TRUE
"Climate Change Impacts, Extreme Events/IPCC Layers.csv",GEOID10,CCI_EE_PM25mean_ug_m3,,PM25: Surface PM2.5 (unit = ug/m^3),1,1,,,CC: Extreme Events,Wildfires,Surface PM2.5,IPCC AR6,2021,Global Raster,Link,,Tract Level processed from rasters,n/a,see filepath,CSV,W Verified. W SEPARATED INTO DIFFERENT ROWS FOR EACH INDICATOR and assigned subcategory. JP: please verify. I placed all variables in the same CSV,TRUE
"Climate Change Impacts, Extreme Events/IPCC Layers.csv",GEOID10,CCI_EE_SLRmean_m,,SLR: Sea Level Rise  (unit = meters),1,0,,,CC: Extreme Events,Flooding,Sea Level Rise,IPCC AR6,2021,Global Raster,Link,,Tract Level processed from rasters,n/a,see filepath,CSV,W Verified. W SEPARATED INTO DIFFERENT ROWS FOR EACH INDICATOR and assigned subcategory. JP: please verify. I placed all variables in the same CSV,TRUE
"Climate Change Impacts, Extreme Events/IPCC Layers.csv",GEOID10,CCI_EE_Snowfallmean_mm_day,,Snowfall: Snowfall (mm/day),NA,1,,,CC: Extreme Events,Precipitation,Snowfall,IPCC AR6,2021,Global Raster,Link,,Tract Level processed from rasters,n/a,see filepath,CSV,Absolute Value is Adverse. W Verified. W SEPARATED INTO DIFFERENT ROWS FOR EACH INDICATOR and assigned subcategory. JP: please verify. I placed all variables in the same CSV,TRUE
"Climate Change Impacts, Extreme Events/IPCC Layers.csv",GEOID10,CCI_EE_SPImean_1,,SPI: Standardized Precip Index (compares cumulated precipitation for 6 months with the long term precipitation distribution for the same location and cumulation period. Units: 1),NA,1,,,CC: Extreme Events,Precipitation,Standardized Precip Index,IPCC AR6,2021,Global Raster,Link,,Tract Level processed from rasters,n/a,see filepath,CSV,Absolute Value is Adverse. W Verified. W SEPARATED INTO DIFFERENT ROWS FOR EACH INDICATOR and assigned subcategory. JP: please verify. I placed all variables in the same CSV,TRUE
"Climate Change Impacts, Extreme Events/IPCC Layers.csv",GEOID10,CCI_EE_PRmean_mm_day,,PR: Total Precipitation (mm/day),NA,1,,,CC: Extreme Events,Precipitation,Total Precipitation,IPCC AR6,2021,Global Raster,Link,,Tract Level processed from rasters,n/a,see filepath,CSV,Absolute Value is Adverse. W Verified. W SEPARATED INTO DIFFERENT ROWS FOR EACH INDICATOR and assigned subcategory. JP: please verify. I placed all variables in the same CSV,TRUE
